1	1	ES	2155	1	2189	7	1946	19	1805	0	ŌłÆ17	0	ŌłÆ17	0	ŌłÆ12	+3	+135	+4	+122	+2	+144	781	341	302	138	461	138	182	1592	698
2	2	AR	2113	1	2172	5	1987	26	1751	0	0	0	0	0	ŌłÆ33	ŌłÆ1	ŌłÆ27	+6	+133	ŌłÆ1	+46	1109	381	419	309	610	228	271	2112	1136
3	3	FR	2062	1	2135	16	1795	40	1514	0	0	0	0	+1	+49	ŌłÆ1	ŌłÆ23	0	ŌłÆ24	+4	+88	939	474	341	124	474	270	195	1707	1274
4	4	EN	2020	1	2213	4	1983	17	1810	0	ŌłÆ22	0	ŌłÆ22	+1	+9	+2	+21	+3	+39	+4	+50	1160	509	524	127	683	215	262	2719	1118
5	5	BR	1988	1	2195	4	1998	20	1805	+1	+10	+1	+10	+1	ŌłÆ6	ŌłÆ2	ŌłÆ39	ŌłÆ4	ŌłÆ152	ŌłÆ2	ŌłÆ23	1066	373	346	347	671	172	223	2300	956
6	6	PT	1984	2	2060	19	1797	41	1624	+1	+8	+1	+8	ŌłÆ3	ŌłÆ36	ŌłÆ1	ŌłÆ30	ŌłÆ2	ŌłÆ53	+7	+78	694	320	262	112	346	189	159	1222	779
7	7	CO	1977	3	2069	48	1621	102	1304	ŌłÆ2	ŌłÆ21	ŌłÆ2	ŌłÆ21	+2	+41	0	ŌłÆ21	+6	+46	ŌłÆ2	ŌłÆ27	649	185	229	235	266	205	178	845	742
8	8	NL	1944	1	2153	15	1848	55	1553	0	ŌłÆ15	0	ŌłÆ15	ŌłÆ1	ŌłÆ22	+2	ŌłÆ28	+2	ŌłÆ5	+1	+20	902	430	358	114	465	240	197	1892	1143
9	9	EC	1935	9	1935	64	1525	121	1183	0	+2	0	+2	+2	+26	+5	+63	+11	+113	+5	+53	599	183	211	205	184	254	161	721	904
10	10	DE	1925	1	2222	8	1911	25	1637	+2	+15	+2	+15	ŌłÆ2	ŌłÆ30	+3	+9	+2	ŌłÆ9	ŌłÆ8	ŌłÆ109	1046	470	415	161	605	224	217	2356	1232
11	11	NO	1917	6	1944	38	1623	85	1364	0	ŌłÆ5	0	ŌłÆ5	+3	+55	+23	+175	+26	+179	+39	+282	887	426	409	52	335	355	197	1376	1444
12	12	HR	1908	4	2015	12	1881	28	1780	ŌłÆ2	ŌłÆ24	ŌłÆ2	ŌłÆ24	ŌłÆ2	ŌłÆ4	ŌłÆ1	ŌłÆ46	+7	+83	+6	+90	399	157	167	75	209	84	106	694	403
13	13	TR	1906	9	1906	42	1611	77	1358	+2	+25	+2	+25	+5	+69	+18	+150	+10	+106	+4	+78	670	291	300	79	264	250	156	951	969
13	13	JP	1906	9	1913	62	1467	114	1126	+3	+28	+3	+28	+3	+52	+4	+53	+18	+147	+10	+132	836	332	207	297	409	257	170	1518	985
15	15	CH	1894	9	1933	27	1690	56	1485	ŌłÆ2	ŌłÆ3	ŌłÆ2	ŌłÆ3	+9	+82	+6	+89	ŌłÆ1	+5	+9	+124	896	426	392	78	320	373	203	1339	1483
16	16	BE	1893	1	2157	24	1755	71	1503	+5	+44	+3	+44	+4	+57	ŌłÆ7	ŌłÆ94	ŌłÆ14	ŌłÆ206	ŌłÆ5	ŌłÆ28	878	416	376	86	392	302	184	1606	1359
17	17	UY	1892	1	2104	12	1876	44	1636	ŌłÆ3	+2	ŌłÆ3	+2	ŌłÆ5	+3	ŌłÆ9	ŌłÆ99	ŌłÆ6	ŌłÆ47	ŌłÆ8	ŌłÆ32	1019	336	432	251	446	321	252	1610	1254
18	18	MX	1875	4	1985	20	1782	48	1498	+2	+19	+2	+41	+5	+58	+5	+80	ŌłÆ3	ŌłÆ13	ŌłÆ12	ŌłÆ103	1030	298	273	459	535	258	237	1829	1056
19	19	SN	1867	17	1879	56	1591	107	1387	ŌłÆ2	ŌłÆ3	+5	+63	+13	+109	+11	+106	+20	+140	+24	+193	705	221	260	224	319	193	193	969	672
20	20	DK	1864	1	2074	20	1799	59	1541	ŌłÆ2	ŌłÆ1	ŌłÆ3	ŌłÆ1	ŌłÆ6	+2	ŌłÆ1	+38	ŌłÆ11	ŌłÆ109	+16	+139	904	413	396	95	419	298	187	1650	1220
21	21	IT	1859	1	2134	8	1915	23	1607	ŌłÆ2	0	ŌłÆ3	0	ŌłÆ8	ŌłÆ22	ŌłÆ9	ŌłÆ89	ŌłÆ15	ŌłÆ154	ŌłÆ6	ŌłÆ15	902	407	324	171	480	177	245	1580	894
22	22	PY	1833	5	1956	23	1755	51	1619	0	+1	ŌłÆ1	+1	ŌłÆ1	+2	+20	+128	+4	+51	+10	+84	789	215	365	209	277	303	209	1006	1115
23	23	AT	1830	1	2070	20	1810	73	1549	0	+12	ŌłÆ1	+12	ŌłÆ5	ŌłÆ7	ŌłÆ7	ŌłÆ32	+10	+84	ŌłÆ1	+53	866	432	383	51	371	310	185	1561	1321
24	24	MA	1824	11	1923	43	1657	86	1510	0	+18	ŌłÆ1	+7	+1	+13	+5	+58	+19	+153	+40	+249	729	319	219	191	365	165	199	1107	614
25	25	CA	1788	21	1841	49	1599	90	1470	0	ŌłÆ17	0	ŌłÆ14	+4	+10	+15	+77	+31	+174	+56	+281	490	154	200	136	190	185	115	629	624
26	26	UA	1785	14	1872	31	1745	66	1561	0	ŌłÆ17	ŌłÆ1	ŌłÆ17	0	ŌłÆ24	ŌłÆ11	ŌłÆ82	ŌłÆ5	ŌłÆ27	ŌłÆ10	ŌłÆ51	339	134	145	60	154	90	95	477	356
27	27	AU	1774	11	1876	35	1672	77	1475	+3	+1	+3	+1	+5	+16	+1	+4	+11	+44	+12	+51	636	271	223	142	326	180	130	1289	715
28	28	IR	1772	13	1853	40	1658	79	1450	+5	+17	+5	+17	ŌłÆ1	ŌłÆ26	ŌłÆ8	ŌłÆ48	ŌłÆ1	+4	+5	+29	670	223	195	252	384	132	154	1275	525
29	29	SQ	1770	1	2104	14	1879	64	1598	ŌłÆ2	ŌłÆ20	ŌłÆ2	ŌłÆ20	+14	+54	ŌłÆ4	ŌłÆ5	+12	+92	+11	+60	868	403	413	52	412	268	188	1499	1076
29	29	NG	1770	16	1826	38	1668	74	1500	+6	+31	+28	+143	+37	+194	+27	+144	+13	+97	+23	+144	716	241	263	212	332	179	205	1080	723
29	29	RU	1770	1	2083	24	1742	50	1449	0	ŌłÆ12	0	ŌłÆ12	ŌłÆ1	ŌłÆ14	ŌłÆ3	ŌłÆ3	+6	+25	ŌłÆ1	+11	814	312	383	119	431	174	209	1479	779
32	32	DZ	1760	18	1807	48	1621	110	1386	+8	+32	+10	+46	+12	+50	+21	+131	+3	+15	+14	+104	689	261	234	194	310	196	183	1053	703
33	33	KR	1758	16	1845	35	1687	84	1445	ŌłÆ5	ŌłÆ26	ŌłÆ5	ŌłÆ26	ŌłÆ3	ŌłÆ9	+4	+22	ŌłÆ4	ŌłÆ4	ŌłÆ14	ŌłÆ39	1052	353	255	444	573	221	258	1913	964
34	34	GR	1754	7	1931	49	1559	91	1273	ŌłÆ2	ŌłÆ7	ŌłÆ2	ŌłÆ7	ŌłÆ12	ŌłÆ75	+2	+15	+10	+94	+25	+155	657	298	296	63	251	249	157	835	908
35	35	CZ	1740	1	2032	13	1855	46	1669	+3	+9	+3	+9	ŌłÆ4	ŌłÆ23	ŌłÆ8	ŌłÆ31	ŌłÆ7	ŌłÆ23	ŌłÆ4	ŌłÆ14	884	361	416	107	426	261	197	1629	1099
36	36	RS	1734	2	2017	20	1787	46	1515	ŌłÆ5	ŌłÆ34	ŌłÆ5	ŌłÆ34	ŌłÆ19	ŌłÆ109	ŌłÆ12	ŌłÆ49	ŌłÆ12	ŌłÆ65	0	+9	862	302	424	136	403	267	192	1618	1181
36	36	PA	1734	27	1773	99	1362	143	1154	+1	+1	ŌłÆ1	ŌłÆ8	+3	+11	+5	+25	+38	+192	+5	+38	593	201	228	164	197	252	144	742	914
38	38	US	1733	9	1890	41	1642	93	1410	ŌłÆ4	ŌłÆ14	ŌłÆ4	ŌłÆ14	+2	+11	ŌłÆ16	ŌłÆ65	ŌłÆ13	ŌłÆ57	ŌłÆ3	+5	826	488	253	85	367	286	173	1249	1075
39	39	VE	1727	18	1829	84	1432	122	1218	+3	+12	+1	+12	ŌłÆ5	ŌłÆ30	ŌłÆ6	ŌłÆ17	ŌłÆ9	ŌłÆ34	+12	+94	481	179	179	123	129	245	107	521	872
40	40	UZ	1718	25	1766	60	1596	93	1428	0	ŌłÆ10	ŌłÆ4	ŌłÆ17	+7	+24	+6	+49	+28	+156	+5	+55	366	130	129	107	180	111	75	635	400
41	41	KO	1714	37	1738	102	1420	119	1364	+3	0	+1	0	+19	+110	+41	+209	+41	+227	+69	+314	108	48	40	20	42	43	23	153	147
42	42	SE	1712	2	2013	17	1795	54	1579	+10	+52	+9	+52	ŌłÆ7	ŌłÆ42	+2	+20	ŌłÆ26	ŌłÆ136	ŌłÆ15	ŌłÆ50	1120	490	500	130	549	336	235	2229	1487
43	43	PL	1710	2	2084	30	1712	63	1521	ŌłÆ7	ŌłÆ25	ŌłÆ7	ŌłÆ25	+2	+4	ŌłÆ5	ŌłÆ10	ŌłÆ21	ŌłÆ92	ŌłÆ18	ŌłÆ55	921	397	410	114	400	296	225	1564	1243
43	43	CL	1710	2	2040	28	1678	59	1384	ŌłÆ5	ŌłÆ21	ŌłÆ5	ŌłÆ21	ŌłÆ1	ŌłÆ7	ŌłÆ4	ŌłÆ3	ŌłÆ25	ŌłÆ119	ŌłÆ31	ŌłÆ210	852	328	307	217	318	346	188	1194	1216
45	45	HU	1707	1	2234	20	1835	74	1529	+1	+9	ŌłÆ1	+9	+1	+10	ŌłÆ27	ŌłÆ120	ŌłÆ12	ŌłÆ39	ŌłÆ4	+11	1034	468	492	74	488	324	222	2071	1526
46	46	PE	1701	10	1916	34	1679	76	1485	ŌłÆ1	ŌłÆ6	ŌłÆ1	+4	ŌłÆ9	ŌłÆ38	ŌłÆ14	ŌłÆ44	ŌłÆ14	ŌłÆ56	ŌłÆ25	ŌłÆ83	709	266	253	190	229	304	176	859	988
47	47	EG	1699	12	1872	37	1662	70	1527	+6	+40	+11	+75	+3	+33	+4	+56	+15	+101	+2	+60	884	354	281	249	447	216	221	1545	921
47	47	IE	1699	4	1918	24	1626	64	1237	+2	+11	0	+11	+7	+64	+10	+78	+8	+83	ŌłÆ17	ŌłÆ59	743	378	305	60	262	287	194	979	1161
49	49	CI	1695	15	1863	45	1640	76	1476	+9	+58	+14	+88	+15	+104	+4	+66	ŌłÆ1	+54	ŌłÆ11	ŌłÆ29	693	241	238	214	349	166	178	1132	696
50	50	WA	1691	3	1910	22	1671	85	1403	ŌłÆ8	ŌłÆ24	ŌłÆ10	ŌłÆ24	ŌłÆ12	ŌłÆ45	ŌłÆ7	ŌłÆ8	ŌłÆ33	ŌłÆ141	ŌłÆ3	+38	734	346	356	32	236	331	167	918	1174
51	51	SI	1685	26	1777	54	1625	76	1518	ŌłÆ4	ŌłÆ10	ŌłÆ5	ŌłÆ10	ŌłÆ15	ŌłÆ64	ŌłÆ16	ŌłÆ56	+3	+68	+4	+72	320	145	145	30	116	117	87	400	379
51	51	JO	1685	40	1701	111	1324	153	1096	ŌłÆ3	ŌłÆ4	+3	+50	0	+29	+12	+76	+36	+212	+24	+150	584	201	193	190	207	219	158	730	715
53	53	SK	1667	17	1775	40	1681	67	1567	ŌłÆ3	ŌłÆ20	ŌłÆ5	ŌłÆ20	ŌłÆ4	ŌłÆ17	ŌłÆ4	+13	ŌłÆ8	+11	ŌłÆ28	ŌłÆ98	368	158	166	44	150	131	87	521	460
54	54	CD	1661	20	1782	62	1557	114	1387	+3	+22	+6	+45	+11	+84	+18	+115	+32	+187	+13	+92	548	166	225	157	226	171	151	835	641
55	55	GE	1654	31	1755	70	1553	104	1434	0	+4	ŌłÆ3	+4	ŌłÆ14	ŌłÆ64	ŌłÆ5	+4	+20	+127	+38	+189	321	141	148	32	107	146	68	415	444
56	56	IL	1647	23	1776	49	1621	83	1428	+4	+16	0	+16	+1	+30	+12	+90	+1	+39	+12	+79	524	249	213	62	197	207	120	804	764
57	57	BO	1645	21	1798	60	1509	93	1244	ŌłÆ3	ŌłÆ12	ŌłÆ8	ŌłÆ31	ŌłÆ4	+9	+7	+46	ŌłÆ4	+27	+4	+61	536	189	205	142	122	293	121	551	1052
58	58	AL	1633	38	1675	73	1504	116	1364	ŌłÆ7	ŌłÆ31	ŌłÆ8	ŌłÆ31	ŌłÆ3	0	+3	+20	+13	+73	ŌłÆ4	+17	409	191	185	33	116	208	85	396	603
59	59	RO	1630	5	1945	29	1717	65	1501	ŌłÆ3	ŌłÆ12	ŌłÆ6	ŌłÆ12	ŌłÆ11	ŌłÆ55	ŌłÆ11	ŌłÆ27	ŌłÆ9	+1	ŌłÆ31	ŌłÆ129	801	332	377	92	354	247	200	1304	1019
60	60	TN	1628	24	1757	47	1616	87	1439	+1	+14	+1	+16	ŌłÆ2	+15	ŌłÆ15	ŌłÆ58	ŌłÆ14	ŌłÆ19	+12	+77	777	337	253	187	330	231	216	1105	845
61	61	IQ	1618	23	1740	47	1622	96	1456	+7	+36	ŌłÆ2	ŌłÆ2	+18	+100	ŌłÆ14	ŌłÆ41	ŌłÆ11	ŌłÆ11	+21	+114	761	139	232	390	360	189	212	1204	708
62	62	CM	1613	14	1850	53	1605	80	1442	0	+7	+11	+54	0	+17	+7	+58	+6	+51	ŌłÆ7	0	661	184	247	230	287	172	202	952	712
63	63	CR	1611	9	1866	36	1689	77	1478	ŌłÆ4	ŌłÆ21	ŌłÆ8	ŌłÆ21	ŌłÆ11	ŌłÆ41	ŌłÆ2	ŌłÆ2	ŌłÆ14	ŌłÆ22	ŌłÆ43	ŌłÆ175	790	259	282	249	356	243	191	1369	919
64	64	EI	1607	13	1854	40	1655	110	1397	ŌłÆ1	+4	+1	+4	+6	+50	+13	+91	+3	+40	ŌłÆ11	ŌłÆ17	611	276	297	38	172	289	150	644	925
65	65	BA	1591	20	1806	53	1626	90	1469	+4	+19	+3	+19	+11	+65	+25	+114	ŌłÆ13	ŌłÆ37	ŌłÆ31	ŌłÆ150	280	118	136	26	104	111	65	393	385
66	66	NM	1589	40	1667	74	1534	110	1401	ŌłÆ2	ŌłÆ3	0	ŌłÆ3	ŌłÆ10	ŌłÆ31	+4	+40	ŌłÆ6	ŌłÆ13	+36	+159	305	141	134	30	95	131	79	364	411
67	67	ML	1588	42	1650	70	1523	129	1302	ŌłÆ1	ŌłÆ1	ŌłÆ6	ŌłÆ24	ŌłÆ6	ŌłÆ13	ŌłÆ8	ŌłÆ26	+6	+40	+3	+31	625	195	234	196	249	206	170	824	718
68	68	CV	1576	65	1579	120	1302	146	1172	+4	+15	+4	+15	+12	+65	ŌłÆ3	ŌłÆ3	+27	+135	+16	+74	252	80	91	81	95	97	60	270	278
69	69	HN	1571	23	1789	63	1500	110	1330	+1	+4	+1	+4	ŌłÆ1	+11	+14	+74	ŌłÆ8	ŌłÆ28	+8	+46	667	212	217	238	263	231	173	964	857
70	70	SA	1569	29	1736	76	1500	125	1253	ŌłÆ6	ŌłÆ23	ŌłÆ6	ŌłÆ37	ŌłÆ11	ŌłÆ39	ŌłÆ11	ŌłÆ45	ŌłÆ6	ŌłÆ10	+6	+42	839	324	151	364	397	247	195	1286	896
70	70	IS	1569	18	1840	81	1425	127	1258	+1	+7	+1	+3	0	+12	+4	+25	ŌłÆ11	ŌłÆ35	ŌłÆ26	ŌłÆ96	526	216	251	59	160	262	104	635	882
72	72	NZ	1563	29	1640	66	1499	103	1334	ŌłÆ5	ŌłÆ22	ŌłÆ5	ŌłÆ22	ŌłÆ9	ŌłÆ32	+4	+38	+11	+78	+1	+14	440	135	189	116	181	180	79	767	649
73	73	HT	1548	37	1673	81	1418	129	1265	+1	+6	+2	+6	ŌłÆ1	ŌłÆ5	+10	+51	ŌłÆ5	ŌłÆ14	+13	+58	563	181	196	186	247	198	118	962	761
74	74	AE	1540	37	1692	98	1395	163	981	+2	0	+5	+18	ŌłÆ1	ŌłÆ4	+5	+29	+16	+79	ŌłÆ11	ŌłÆ43	674	287	141	246	263	238	173	933	831
75	75	AO	1537	52	1629	86	1456	161	1213	ŌłÆ2	ŌłÆ6	ŌłÆ6	ŌłÆ32	+1	+11	+6	+30	+39	+169	+44	+189	474	166	184	124	175	140	159	576	490
76	76	FI	1536	14	1757	62	1500	120	1246	+4	+27	+4	+27	ŌłÆ2	ŌłÆ4	ŌłÆ19	ŌłÆ85	ŌłÆ36	ŌłÆ148	ŌłÆ12	ŌłÆ39	825	337	430	58	217	441	167	972	1699
77	77	JM	1527	38	1700	83	1413	133	1221	ŌłÆ3	ŌłÆ15	0	ŌłÆ1	ŌłÆ10	ŌłÆ42	ŌłÆ25	ŌłÆ112	ŌłÆ12	ŌłÆ46	ŌłÆ11	ŌłÆ45	718	272	268	178	280	272	166	960	941
78	78	BF	1526	56	1617	98	1402	137	1265	ŌłÆ1	ŌłÆ8	ŌłÆ4	ŌłÆ22	+4	+24	+7	+33	ŌłÆ6	ŌłÆ23	+17	+66	492	154	187	151	170	192	130	612	675
79	79	BY	1525	43	1666	80	1505	120	1349	+3	+29	+3	+29	+4	+24	+14	+71	+1	+34	ŌłÆ18	ŌłÆ59	307	104	158	45	91	137	79	346	443
80	80	ZA	1518	7	1847	32	1707	99	1448	ŌłÆ2	ŌłÆ11	ŌłÆ4	ŌłÆ13	ŌłÆ12	ŌłÆ42	ŌłÆ14	ŌłÆ53	+4	+40	ŌłÆ23	ŌłÆ84	525	276	161	88	231	141	153	719	542
81	81	GH	1510	10	1877	42	1651	101	1424	ŌłÆ1	+1	ŌłÆ1	+1	+5	+33	ŌłÆ6	ŌłÆ22	ŌłÆ23	ŌłÆ95	ŌłÆ33	ŌłÆ130	779	247	298	234	370	213	196	1248	823
82	82	GT	1507	30	1642	68	1486	108	1382	ŌłÆ3	ŌłÆ18	ŌłÆ5	ŌłÆ21	+2	+7	+5	+22	ŌłÆ4	+5	+5	+18	627	205	180	242	225	236	166	878	855
83	83	SY	1479	53	1618	86	1428	123	1253	+1	ŌłÆ7	0	ŌłÆ12	+12	+40	+16	+56	+1	+1	ŌłÆ3	ŌłÆ35	598	125	224	249	223	227	148	859	760
84	84	PS	1469	66	1483	121	1255	159	1155	+2	0	+1	ŌłÆ14	+5	+12	+17	+56	+16	+55	+32	+117	290	19	111	160	84	128	78	370	446
85	85	GN	1463	21	1772	72	1516	128	1302	0	ŌłÆ22	ŌłÆ1	ŌłÆ22	+9	+12	ŌłÆ5	ŌłÆ47	+14	+43	ŌłÆ6	ŌłÆ57	646	172	263	211	251	211	184	953	804
86	86	ME	1460	34	1720	60	1597	95	1439	+4	+17	+6	+17	ŌłÆ8	ŌłÆ59	ŌłÆ19	ŌłÆ110	ŌłÆ10	ŌłÆ58	ŌłÆ15	ŌłÆ96	174	91	78	5	58	73	43	205	239
87	87	OM	1459	53	1634	128	1211	181	782	ŌłÆ4	ŌłÆ31	ŌłÆ1	ŌłÆ17	ŌłÆ6	ŌłÆ45	ŌłÆ16	ŌłÆ88	ŌłÆ10	ŌłÆ46	+3	ŌłÆ11	593	230	145	218	222	219	152	753	783
88	88	BG	1458	7	1911	41	1633	98	1312	+1	+5	+3	+5	+3	+4	+1	ŌłÆ22	ŌłÆ9	ŌłÆ42	ŌłÆ31	ŌłÆ144	781	299	400	82	286	300	195	1094	1152
89	89	NS	1457	64	1486	84	1463	102	1430	ŌłÆ1	0	0	0	0	0	+3	0	+3	0	+8	+1	17	5	3	9	9	6	2	30	23
90	90	CW	1433	26	1618	97	1381	188	1011	ŌłÆ3	ŌłÆ33	ŌłÆ2	ŌłÆ33	+38	+103	+32	+92	+6	ŌłÆ1	+79	+271	499	173	177	149	201	174	124	880	771
90	90	LU	1433	24	1520	108	1256	191	979	+13	+38	+14	+38	+2	ŌłÆ20	ŌłÆ12	ŌłÆ79	+17	+47	+58	+194	474	258	200	16	54	358	62	308	1225
92	92	SR	1431	26	1592	84	1404	170	1160	ŌłÆ1	ŌłÆ9	+1	ŌłÆ9	+9	+26	+43	+115	+30	+81	+68	+222	543	231	222	90	239	175	129	986	740
93	93	KZ	1430	48	1622	101	1420	130	1306	+4	+20	+7	+20	+5	+15	ŌłÆ2	ŌłÆ40	+31	+83	+16	+28	270	103	121	46	70	142	58	283	450
94	94	CN	1428	17	1751	50	1577	112	1375	+5	+19	+9	+26	+15	+45	+11	+27	ŌłÆ5	ŌłÆ34	ŌłÆ34	ŌłÆ157	763	271	265	227	369	231	163	1422	862
94	94	BJ	1428	57	1540	109	1356	168	1131	+3	+18	+1	ŌłÆ6	+6	+20	+17	+63	ŌłÆ4	ŌłÆ33	+17	+34	353	129	142	82	87	181	85	365	618
96	96	KD	1425	92	1425	100	1425	108	1403	ŌłÆ4	0	+1	0	+1	0	+2	0	+2	0	+8	0	4	2	0	2	3	0	1	12	3
97	97	QA	1423	26	1771	93	1416	164	963	ŌłÆ5	ŌłÆ2	ŌłÆ7	ŌłÆ31	ŌłÆ22	ŌłÆ107	ŌłÆ44	ŌłÆ206	ŌłÆ50	ŌłÆ223	ŌłÆ23	ŌłÆ115	698	328	147	223	289	233	176	993	826
98	98	LY	1420	42	1619	82	1470	128	1321	ŌłÆ6	ŌłÆ5	ŌłÆ1	ŌłÆ5	+10	+35	+4	+10	+21	+65	ŌłÆ9	ŌłÆ58	459	164	166	129	166	185	108	621	611
99	99	GM	1419	88	1454	118	1309	144	1189	ŌłÆ4	ŌłÆ5	0	ŌłÆ5	+7	+33	+16	+65	+13	+49	+41	+138	299	108	100	91	81	136	82	319	433
100	100	BH	1414	51	1634	109	1349	155	1075	ŌłÆ4	ŌłÆ4	+5	+25	ŌłÆ12	ŌłÆ54	ŌłÆ5	ŌłÆ32	ŌłÆ34	ŌłÆ154	+3	ŌłÆ13	637	218	159	260	223	248	166	780	826
101	101	GA	1401	59	1593	95	1413	126	1268	ŌłÆ1	ŌłÆ4	ŌłÆ14	ŌłÆ66	ŌłÆ8	ŌłÆ51	ŌłÆ4	ŌłÆ29	ŌłÆ4	ŌłÆ30	ŌłÆ2	ŌłÆ45	462	184	154	124	159	174	129	551	567
102	102	NE	1394	98	1409	133	1239	159	1082	ŌłÆ1	ŌłÆ10	ŌłÆ1	ŌłÆ10	+24	+58	+54	+157	+48	+152	+42	+131	291	100	117	74	65	157	69	287	516
102	102	UG	1394	29	1625	75	1482	130	1306	+2	0	ŌłÆ6	ŌłÆ39	+8	+13	+11	+34	ŌłÆ10	ŌłÆ63	ŌłÆ17	ŌłÆ106	736	251	257	228	304	238	194	1108	887
104	104	GQ	1391	61	1604	151	1159	189	1007	+2	+8	ŌłÆ10	ŌłÆ48	ŌłÆ18	ŌłÆ86	ŌłÆ32	ŌłÆ155	+16	+39	+18	+52	195	80	64	51	56	95	44	182	287
105	105	TT	1388	11	1661	61	1505	125	1312	ŌłÆ3	ŌłÆ15	ŌłÆ3	ŌłÆ15	ŌłÆ3	ŌłÆ13	ŌłÆ3	ŌłÆ22	+20	+52	ŌłÆ37	ŌłÆ180	871	344	364	163	375	303	193	1446	1127
106	106	FO	1381	61	1381	122	1252	169	1154	+1	+1	+3	+1	+41	+111	+43	+113	+38	+126	+45	+149	281	119	139	23	50	194	37	212	640
107	107	MG	1380	68	1508	104	1366	167	1162	+5	+12	+5	+12	+29	+82	+34	+89	+7	+12	+43	+143	357	120	121	116	136	143	78	494	536
108	108	AM	1379	62	1589	102	1418	143	1243	ŌłÆ3	ŌłÆ10	ŌłÆ3	ŌłÆ10	+2	ŌłÆ2	ŌłÆ14	ŌłÆ74	ŌłÆ45	ŌłÆ204	ŌłÆ30	ŌłÆ143	281	113	132	36	66	158	57	281	537
109	109	KP	1375	17	1801	63	1566	131	1315	ŌłÆ1	0	+1	0	+3	ŌłÆ3	ŌłÆ3	ŌłÆ18	0	ŌłÆ3	ŌłÆ27	ŌłÆ129	417	50	149	218	175	127	115	641	447
110	110	ZW	1372	43	1574	78	1462	146	1279	+10	+30	+6	+20	+7	+2	+21	+51	ŌłÆ8	ŌłÆ29	ŌłÆ3	ŌłÆ36	552	190	223	139	207	184	161	738	663
110	110	MZ	1372	83	1495	116	1332	152	1210	0	0	ŌłÆ5	ŌłÆ17	ŌłÆ25	ŌłÆ123	+2	+9	+28	+91	+5	+12	442	166	176	100	139	192	111	465	580
110	110	TH	1372	67	1546	112	1317	141	1125	+2	+4	+2	+4	ŌłÆ5	ŌłÆ15	ŌłÆ11	ŌłÆ51	+17	+41	ŌłÆ9	ŌłÆ65	934	389	199	346	366	358	210	1487	1408
113	113	ZM	1371	31	1710	60	1551	124	1344	ŌłÆ2	0	+1	+6	ŌłÆ7	ŌłÆ15	ŌłÆ25	ŌłÆ112	ŌłÆ32	ŌłÆ118	ŌłÆ19	ŌłÆ92	879	282	360	237	393	261	225	1389	954
114	114	KM	1363	96	1434	186	941	206	830	ŌłÆ6	ŌłÆ12	ŌłÆ3	ŌłÆ11	ŌłÆ18	ŌłÆ71	+24	+59	+37	+129	+77	+396	158	29	35	94	40	81	37	144	246
115	115	ID	1362	39	1578	101	1361	179	1101	+6	+21	+8	+21	+6	+2	+12	+35	+63	+242	+43	+151	783	251	192	340	298	332	153	1316	1269
116	116	TG	1356	48	1603	90	1439	144	1263	+3	+13	+4	+13	0	ŌłÆ15	ŌłÆ7	ŌłÆ21	+18	+60	ŌłÆ8	ŌłÆ51	494	179	198	117	157	210	127	534	674
117	117	KE	1352	53	1563	90	1379	140	1240	0	+8	+1	+8	ŌłÆ5	ŌłÆ26	ŌłÆ13	ŌłÆ50	ŌłÆ11	ŌłÆ35	+4	+12	780	291	283	206	293	293	194	1074	1062
118	118	VN	1351	62	1518	120	1298	177	1092	+9	+22	+9	+22	+4	ŌłÆ8	+28	+75	ŌłÆ17	ŌłÆ62	+28	+95	525	174	131	220	222	200	103	922	771
119	119	SD	1350	23	1707	90	1444	155	1226	ŌłÆ4	0	ŌłÆ11	ŌłÆ32	ŌłÆ16	ŌłÆ46	ŌłÆ9	ŌłÆ24	ŌłÆ11	ŌłÆ33	+14	+61	553	154	204	195	187	225	141	628	730
120	120	SL	1348	65	1551	104	1368	158	1185	ŌłÆ3	+4	ŌłÆ2	+4	+10	+23	+16	+37	+11	+30	ŌłÆ3	ŌłÆ3	335	115	140	80	97	149	89	329	471
121	121	RE	1345	72	1395	125	1184	158	1047	ŌłÆ5	0	ŌłÆ4	0	+2	0	ŌłÆ1	0	ŌłÆ8	ŌłÆ24	ŌłÆ8	ŌłÆ36	139	53	38	48	55	55	29	237	252
122	122	SV	1340	32	1606	72	1471	130	1322	+8	+16	+8	+16	ŌłÆ18	ŌłÆ53	ŌłÆ15	ŌłÆ41	ŌłÆ34	ŌłÆ128	ŌłÆ17	ŌłÆ81	686	210	209	267	227	306	153	863	1023
123	123	EE	1339	32	1541	94	1353	174	1088	ŌłÆ9	ŌłÆ20	ŌłÆ8	ŌłÆ20	ŌłÆ6	ŌłÆ31	ŌłÆ7	ŌłÆ14	ŌłÆ20	ŌłÆ58	ŌłÆ32	ŌłÆ130	539	229	255	55	132	287	120	531	962
124	124	GP	1338	50	1530	91	1408	166	1179	0	0	+1	0	ŌłÆ10	ŌłÆ38	+5	+12	+33	+130	+17	+60	293	92	89	112	128	114	51	507	410
125	125	RW	1337	96	1461	144	1207	176	1035	+11	+28	+12	+28	+7	+16	+8	+19	+7	+26	+6	+45	290	107	100	83	90	126	74	298	364
126	126	NI	1333	65	1373	146	1031	197	900	+2	+5	+2	+5	+3	+4	+1	+6	+26	+101	+19	+72	253	63	100	90	54	167	32	258	621
127	127	KW	1331	27	1734	83	1468	143	1178	+2	+4	ŌłÆ7	ŌłÆ12	+10	+39	+3	+9	ŌłÆ23	ŌłÆ61	ŌłÆ35	ŌłÆ135	762	269	176	317	321	248	193	1198	880
128	128	AZ	1321	63	1551	107	1397	143	1257	ŌłÆ5	ŌłÆ18	ŌłÆ4	ŌłÆ18	ŌłÆ9	ŌłÆ47	ŌłÆ42	ŌłÆ171	ŌłÆ18	ŌłÆ54	ŌłÆ16	ŌłÆ68	323	116	152	55	66	176	81	263	544
128	128	ZN	1321	102	1368	145	1119	168	936	+3	0	+3	0	+4	0	+3	0	+1	ŌłÆ2	+7	+34	217	37	45	135	39	131	47	186	458
130	130	MR	1317	98	1424	155	1115	181	911	+4	+6	+5	+6	ŌłÆ3	ŌłÆ17	ŌłÆ13	ŌłÆ34	ŌłÆ19	ŌłÆ55	+4	+29	299	91	103	105	55	173	71	216	527
131	131	TZ	1313	65	1510	117	1295	169	1130	ŌłÆ9	ŌłÆ27	ŌłÆ2	ŌłÆ12	ŌłÆ32	ŌłÆ97	ŌłÆ11	ŌłÆ32	+4	+18	ŌłÆ6	ŌłÆ12	658	244	237	177	193	280	185	752	963
132	132	MQ	1312	39	1565	80	1458	133	1312	ŌłÆ6	ŌłÆ19	ŌłÆ10	ŌłÆ30	ŌłÆ17	ŌłÆ61	ŌłÆ36	ŌłÆ126	ŌłÆ38	ŌłÆ134	ŌłÆ36	ŌłÆ145	371	136	125	110	167	116	88	676	488
133	133	CY	1310	63	1575	102	1378	141	1250	+4	+8	+5	+8	+2	+7	0	ŌłÆ8	ŌłÆ17	ŌłÆ56	ŌłÆ27	ŌłÆ110	428	237	185	6	83	271	74	385	932
134	134	LV	1305	41	1575	87	1399	155	1217	+9	+19	+10	+19	+6	+15	ŌłÆ12	ŌłÆ36	+3	+16	ŌłÆ46	ŌłÆ175	458	192	213	53	128	219	111	536	753
135	135	NA	1303	97	1428	136	1272	168	1117	ŌłÆ1	ŌłÆ8	0	ŌłÆ8	ŌłÆ15	ŌłÆ59	ŌłÆ21	ŌłÆ56	ŌłÆ9	ŌłÆ30	ŌłÆ15	ŌłÆ38	304	102	121	81	77	135	92	295	424
136	136	LR	1297	70	1518	112	1342	154	1218	+2	ŌłÆ3	+3	ŌłÆ3	+12	+34	+17	+42	ŌłÆ19	ŌłÆ59	ŌłÆ12	ŌłÆ32	340	145	143	52	90	174	76	315	519
137	137	MY	1293	58	1548	122	1288	185	1054	ŌłÆ5	ŌłÆ20	ŌłÆ4	ŌłÆ20	+17	+40	+10	+21	+25	+107	+39	+173	929	390	241	298	362	356	211	1513	1348
138	138	GY	1292	15	1523	104	1293	182	1043	+9	+17	+9	+17	+13	+36	+14	+33	+25	+110	+17	+71	456	179	194	83	142	224	90	589	790
139	139	KG	1291	127	1332	155	1203	178	1094	ŌłÆ7	ŌłÆ22	ŌłÆ6	ŌłÆ22	ŌłÆ9	ŌłÆ34	+11	+25	0	+18	+18	+78	190	47	74	69	55	105	30	208	337
140	140	TJ	1290	75	1503	123	1334	164	1195	ŌłÆ1	ŌłÆ6	0	ŌłÆ6	ŌłÆ2	ŌłÆ1	ŌłÆ32	ŌłÆ88	+4	+35	+18	+79	211	56	84	71	80	86	45	304	296
141	141	LB	1288	78	1472	108	1333	164	1166	ŌłÆ16	ŌłÆ44	ŌłÆ15	ŌłÆ44	ŌłÆ16	ŌłÆ51	+2	0	ŌłÆ36	ŌłÆ101	ŌłÆ27	ŌłÆ80	421	140	144	137	123	186	112	507	621
142	142	NC	1286	50	1532	103	1357	176	1089	ŌłÆ2	ŌłÆ8	ŌłÆ1	ŌłÆ8	0	+1	+15	+56	ŌłÆ2	+20	ŌłÆ16	ŌłÆ38	285	87	71	127	141	110	34	739	419
142	142	LT	1286	47	1662	92	1318	151	1050	+4	+10	+4	+10	ŌłÆ2	ŌłÆ4	ŌłÆ17	ŌłÆ44	ŌłÆ12	ŌłÆ33	ŌłÆ42	ŌłÆ157	417	170	206	41	106	229	82	415	758
144	144	BI	1285	85	1464	125	1285	168	1163	+7	+46	+7	+46	ŌłÆ6	ŌłÆ6	+1	+8	+4	+38	ŌłÆ21	ŌłÆ51	241	52	89	100	74	112	55	274	334
144	144	ET	1285	39	1638	99	1394	153	1238	+4	+21	+4	+21	0	+6	ŌłÆ5	ŌłÆ15	ŌłÆ16	ŌłÆ41	ŌłÆ15	ŌłÆ15	472	214	163	95	170	199	103	655	690
146	146	DO	1283	138	1295	167	1060	188	930	ŌłÆ5	ŌłÆ10	ŌłÆ4	ŌłÆ10	ŌłÆ3	+2	+15	+77	+19	+108	+16	+84	190	86	64	40	69	89	32	301	307
147	147	BW	1267	100	1437	150	1167	190	996	ŌłÆ3	ŌłÆ18	ŌłÆ15	ŌłÆ52	ŌłÆ24	ŌłÆ78	ŌłÆ23	ŌłÆ72	ŌłÆ11	ŌłÆ25	ŌłÆ9	ŌłÆ15	368	166	136	66	98	166	104	311	490
148	148	MD	1265	65	1556	109	1391	165	1169	ŌłÆ6	ŌłÆ23	ŌłÆ5	ŌłÆ23	ŌłÆ14	ŌłÆ55	ŌłÆ29	ŌłÆ81	+7	+46	ŌłÆ30	ŌłÆ85	301	115	145	41	60	172	69	246	522
149	149	MT	1255	78	1435	118	1322	171	1155	ŌłÆ4	ŌłÆ23	ŌłÆ4	ŌłÆ23	+3	0	+2	ŌłÆ5	+7	+37	+3	+24	456	246	183	27	66	314	76	298	1020
150	150	GW	1248	84	1415	126	1282	163	1178	0	+4	0	+4	ŌłÆ4	ŌłÆ24	ŌłÆ32	ŌłÆ102	ŌłÆ29	ŌłÆ103	ŌłÆ13	ŌłÆ35	215	66	64	85	58	104	53	215	320
151	151	CF	1241	83	1417	124	1295	167	1177	+1	+3	+1	+3	ŌłÆ6	ŌłÆ37	ŌłÆ26	ŌłÆ89	ŌłÆ18	ŌłÆ56	ŌłÆ23	ŌłÆ60	163	32	67	64	36	93	34	181	323
151	151	MW	1241	48	1590	115	1327	151	1093	ŌłÆ2	ŌłÆ11	ŌłÆ2	ŌłÆ11	ŌłÆ1	ŌłÆ16	ŌłÆ14	ŌłÆ66	ŌłÆ28	ŌłÆ108	ŌłÆ21	ŌłÆ53	698	306	243	149	232	264	202	816	900
153	153	CU	1239	21	1683	84	1438	161	1114	0	+10	0	+10	ŌłÆ1	ŌłÆ16	ŌłÆ13	ŌłÆ55	ŌłÆ7	ŌłÆ15	ŌłÆ26	ŌłÆ71	485	103	212	170	185	189	111	678	684
154	154	GF	1223	71	1395	125	1246	172	1109	0	0	0	0	+3	0	ŌłÆ12	ŌłÆ66	ŌłÆ12	ŌłÆ39	ŌłÆ12	ŌłÆ47	190	66	67	57	57	92	41	280	328
155	155	YT	1216	149	1233	157	1202	175	1124	+1	0	+1	0	+4	0	+5	0	ŌłÆ1	ŌłÆ8	+1	ŌłÆ2	41	2	11	28	13	17	11	55	59
156	156	TM	1209	67	1546	117	1358	161	1205	ŌłÆ1	ŌłÆ8	ŌłÆ1	ŌłÆ8	+4	ŌłÆ6	+3	ŌłÆ9	ŌłÆ15	ŌłÆ55	ŌłÆ25	ŌłÆ83	187	42	76	69	71	82	34	288	281
156	156	LS	1209	125	1325	151	1179	179	1102	0	ŌłÆ7	0	ŌłÆ7	ŌłÆ7	ŌłÆ50	ŌłÆ2	ŌłÆ41	ŌłÆ7	ŌłÆ34	+22	+104	353	113	147	93	70	179	104	280	576
158	158	CG	1207	33	1690	83	1471	159	1207	+1	0	+1	0	ŌłÆ1	ŌłÆ16	ŌłÆ10	ŌłÆ64	ŌłÆ41	ŌłÆ149	ŌłÆ60	ŌłÆ248	474	180	188	106	173	186	115	679	662
159	159	ER	1201	142	1246	164	1158	185	1056	+5	+62	+5	+62	+6	+62	+8	+62	+15	+62	+26	+127	86	20	28	38	17	50	19	61	137
160	160	YE	1195	109	1367	144	1212	178	1078	+3	+44	+3	+44	+12	+86	+11	+82	ŌłÆ2	ŌłÆ10	+3	0	295	56	87	152	66	173	56	304	573
161	161	TI	1176	49	1591	103	1386	171	1136	ŌłÆ1	0	ŌłÆ1	0	0	0	+2	ŌłÆ7	ŌłÆ1	ŌłÆ16	ŌłÆ8	ŌłÆ53	254	58	71	125	136	82	36	693	383
162	162	PH	1169	27	1352	135	1068	220	680	0	+14	0	+14	+7	+40	+21	+127	+9	+14	ŌłÆ19	ŌłÆ99	396	109	127	160	98	238	60	427	1022
163	163	SW	1149	119	1347	153	1168	181	1062	ŌłÆ5	ŌłÆ62	ŌłÆ5	ŌłÆ62	ŌłÆ7	ŌłÆ75	ŌłÆ8	ŌłÆ98	+12	+11	ŌłÆ28	ŌłÆ138	324	123	131	70	71	158	95	297	542
164	164	VC	1141	58	1501	110	1322	185	1030	ŌłÆ3	ŌłÆ30	ŌłÆ3	ŌłÆ30	ŌłÆ1	ŌłÆ12	+14	+66	+5	ŌłÆ21	+10	+12	365	138	135	92	131	150	84	566	648
165	165	PG	1135	136	1223	165	1091	188	1016	0	0	0	0	+8	+31	+10	+52	+7	ŌłÆ15	+19	+53	165	30	43	92	54	80	31	352	356
165	165	PR	1135	100	1166	169	936	203	829	+2	+1	+2	+1	+6	+17	+1	ŌłÆ10	+23	+120	+17	+50	196	73	67	56	46	121	29	229	491
167	167	SG	1134	80	1415	134	1227	187	1041	+2	+3	+2	+3	+9	+70	+3	+18	+6	ŌłÆ11	+3	ŌłÆ25	772	322	185	265	242	373	157	1036	1396
168	168	HK	1122	60	1533	123	1287	180	1057	ŌłÆ3	ŌłÆ13	ŌłÆ3	ŌłÆ13	0	ŌłÆ9	+11	+65	ŌłÆ1	ŌłÆ47	ŌłÆ1	ŌłÆ64	513	183	151	179	178	233	102	816	871
168	168	IN	1122	24	1685	110	1341	186	1029	+2	ŌłÆ1	+2	ŌłÆ1	ŌłÆ6	ŌłÆ36	ŌłÆ6	ŌłÆ76	ŌłÆ9	ŌłÆ71	+15	+39	611	177	171	263	220	263	128	837	1000
170	170	VU	1121	111	1263	156	1104	191	959	+4	+7	+4	+7	+12	+76	+12	+76	ŌłÆ4	ŌłÆ51	ŌłÆ5	ŌłÆ66	226	53	51	122	71	124	31	402	483
171	171	BM	1119	91	1431	128	1283	177	1082	0	ŌłÆ1	+1	ŌłÆ1	ŌłÆ5	ŌłÆ18	ŌłÆ4	ŌłÆ20	ŌłÆ28	ŌłÆ139	ŌłÆ18	ŌłÆ110	235	106	82	47	79	111	45	375	414
172	172	SS	1109	163	1155	178	1087	188	1018	ŌłÆ5	ŌłÆ25	ŌłÆ5	ŌłÆ25	ŌłÆ5	ŌłÆ24	ŌłÆ7	ŌłÆ41	+10	+30	+3	ŌłÆ14	81	18	29	34	13	52	16	55	145
173	173	FJ	1101	77	1466	129	1246	175	1069	+2	ŌłÆ7	+2	ŌłÆ7	ŌłÆ18	ŌłÆ126	ŌłÆ15	ŌłÆ120	ŌłÆ20	ŌłÆ126	ŌłÆ25	ŌłÆ138	287	106	64	117	126	106	55	645	461
174	174	GD	1098	46	1548	102	1370	186	1060	ŌłÆ1	ŌłÆ21	ŌłÆ3	ŌłÆ24	0	+16	ŌłÆ1	+10	ŌłÆ13	ŌłÆ91	ŌłÆ2	ŌłÆ39	310	115	116	79	103	129	78	490	561
175	175	AD	1081	169	1130	182	1050	195	952	+4	ŌłÆ2	+4	ŌłÆ2	0	+15	ŌłÆ4	ŌłÆ32	+11	+52	+19	+121	230	92	105	33	15	183	32	77	540
176	176	MU	1073	36	1634	108	1335	195	930	+1	ŌłÆ18	+1	ŌłÆ18	+3	+14	+10	+64	+13	+66	+4	ŌłÆ25	359	124	151	84	100	174	85	450	572
176	176	TD	1073	107	1318	135	1244	176	1073	ŌłÆ5	ŌłÆ47	ŌłÆ4	ŌłÆ47	ŌłÆ12	ŌłÆ76	ŌłÆ12	ŌłÆ101	ŌłÆ12	ŌłÆ107	ŌłÆ29	ŌłÆ180	182	45	59	78	35	105	42	165	340
176	176	BZ	1073	61	1201	139	1114	183	1034	0	ŌłÆ32	0	ŌłÆ32	+2	+13	0	ŌłÆ5	+1	ŌłÆ52	ŌłÆ11	ŌłÆ114	129	44	44	41	32	74	23	138	245
179	179	SB	1054	110	1378	147	1183	179	1041	ŌłÆ1	ŌłÆ36	ŌłÆ1	ŌłÆ36	ŌłÆ9	ŌłÆ72	ŌłÆ35	ŌłÆ233	ŌłÆ9	ŌłÆ103	ŌłÆ11	ŌłÆ109	223	59	62	102	94	92	37	480	428
180	180	MF	1042	155	1120	187	982	214	755	+6	+39	+6	+39	+3	ŌłÆ1	+13	+102	+27	+189	+26	+178	86	18	36	32	33	44	9	136	191
181	181	ST	1035	153	1116	174	1056	190	985	ŌłÆ1	ŌłÆ21	ŌłÆ1	ŌłÆ21	+3	ŌłÆ3	ŌłÆ1	ŌłÆ21	+2	ŌłÆ29	ŌłÆ2	ŌłÆ66	82	24	36	22	11	60	11	59	213
182	182	KN	1029	88	1387	138	1174	186	1001	+2	+24	+2	+24	ŌłÆ1	ŌłÆ20	ŌłÆ5	ŌłÆ48	ŌłÆ35	ŌłÆ219	ŌłÆ44	ŌłÆ253	252	121	80	51	104	101	47	431	396
183	183	AF	1023	96	1165	167	920	210	778	ŌłÆ2	ŌłÆ12	ŌłÆ2	ŌłÆ12	ŌłÆ6	ŌłÆ38	ŌłÆ14	ŌłÆ113	ŌłÆ7	ŌłÆ112	ŌłÆ12	ŌłÆ129	166	8	67	91	38	90	38	153	336
184	184	GI	1006	167	1152	178	1082	189	1002	ŌłÆ2	ŌłÆ11	ŌłÆ2	ŌłÆ11	ŌłÆ4	ŌłÆ45	ŌłÆ4	ŌłÆ50	ŌłÆ3	ŌłÆ80	ŌłÆ7	ŌłÆ105	117	40	49	28	17	85	15	66	343
185	185	JS	1005	184	1005	188	1004	190	995	ŌłÆ1	0	ŌłÆ1	0	+1	0	+3	0	+5	0	+2	0	2	0	0	2	1	0	1	4	3
186	186	LC	1003	67	1353	126	1240	192	977	ŌłÆ3	ŌłÆ5	ŌłÆ3	ŌłÆ5	ŌłÆ1	ŌłÆ24	ŌłÆ13	ŌłÆ85	ŌłÆ1	ŌłÆ28	ŌłÆ5	ŌłÆ94	264	89	108	67	90	132	42	361	485
187	187	EH	996	186	996	189	996	192	996	0	0	0	0	0	0	+3	0	+4	0	+1	0	1	0	1	0	0	1	0	0	6
188	188	MM	993	34	1675	125	1244	199	896	+5	+48	+5	+48	+5	+51	+9	+71	ŌłÆ4	ŌłÆ57	ŌłÆ2	ŌłÆ74	553	119	138	296	219	230	104	898	953
189	189	AW	979	51	1444	125	1198	203	880	+2	+30	+2	+30	+8	+58	0	ŌłÆ18	+8	+69	+9	+63	207	83	80	44	52	111	44	298	467
189	189	SO	979	132	1218	166	1072	207	835	0	+18	0	+18	+10	+68	+11	+77	+7	+62	+18	+135	150	10	48	92	15	112	23	78	375
191	191	SX	975	164	977	187	909	213	758	ŌłÆ1	+19	ŌłÆ1	+19	+3	+43	+13	+122	+21	+211	+13	+95	75	16	25	34	23	39	13	107	194
192	192	MS	971	116	1021	191	642	236	526	ŌłÆ4	0	ŌłÆ4	0	ŌłÆ4	ŌłÆ7	ŌłÆ8	ŌłÆ44	+5	+61	+35	+327	74	15	26	33	18	48	8	76	235
193	193	GL	946	163	1035	185	975	197	946	ŌłÆ1	0	ŌłÆ1	0	ŌłÆ1	0	ŌłÆ1	0	ŌłÆ1	ŌłÆ17	0	ŌłÆ17	22	2	7	13	5	16	1	35	50
194	194	BD	942	150	1113	181	980	210	796	0	+2	0	+2	+2	+17	+1	+9	+12	+83	+8	+49	327	92	97	138	88	166	73	300	584
195	195	DJ	940	105	942	178	872	215	748	+3	+25	+3	+25	0	+11	+1	+14	+7	+44	+19	+190	121	28	40	53	11	99	11	83	424
196	196	DM	934	59	1330	132	1196	198	932	ŌłÆ1	ŌłÆ4	ŌłÆ1	ŌłÆ4	ŌłÆ7	ŌłÆ41	ŌłÆ9	ŌłÆ73	ŌłÆ9	ŌłÆ82	ŌłÆ4	ŌłÆ30	246	69	97	80	60	132	54	288	488
197	197	MC	903	193	909	199	900	202	890	+2	0	+2	0	+5	0	+2	0	+4	0	+2	ŌłÆ6	9	0	1	8	4	2	3	11	15
198	198	LI	899	143	1242	167	1113	201	899	+2	ŌłÆ1	+2	ŌłÆ1	+3	ŌłÆ7	ŌłÆ7	ŌłÆ58	ŌłÆ18	ŌłÆ200	ŌłÆ34	ŌłÆ293	258	114	125	19	19	207	32	104	724
199	199	BB	898	54	1405	121	1243	200	898	ŌłÆ3	ŌłÆ23	ŌłÆ3	ŌłÆ23	ŌłÆ8	ŌłÆ51	ŌłÆ5	ŌłÆ36	ŌłÆ20	ŌłÆ221	ŌłÆ26	ŌłÆ236	375	168	132	75	117	162	96	492	616
200	200	AG	894	102	1319	145	1178	201	894	+1	0	+1	0	0	ŌłÆ15	ŌłÆ15	ŌłÆ118	ŌłÆ33	ŌłÆ275	ŌłÆ39	ŌłÆ314	285	116	101	68	95	136	54	394	491
201	201	NP	893	167	1008	190	889	209	728	ŌłÆ4	ŌłÆ26	ŌłÆ4	ŌłÆ26	ŌłÆ11	ŌłÆ62	0	ŌłÆ1	ŌłÆ7	ŌłÆ52	ŌłÆ1	ŌłÆ11	295	74	91	130	68	174	53	247	665
202	202	SC	853	157	1123	182	987	205	842	+2	+11	+2	+11	+2	+2	+1	ŌłÆ2	ŌłÆ2	ŌłÆ54	ŌłÆ12	ŌłÆ133	190	51	58	81	26	131	33	144	425
203	203	KH	849	93	1391	157	1058	222	676	0	+5	0	+5	+3	+14	+2	+6	+5	+10	+12	+105	317	81	93	143	72	200	45	365	816
204	204	PK	847	69	1458	154	1101	209	787	+3	+17	+3	+17	+4	+23	+2	+19	ŌłÆ1	ŌłÆ32	ŌłÆ9	ŌłÆ105	285	63	97	125	64	170	51	275	642
205	205	BQ	836	81	1130	150	1037	208	820	+3	+14	+3	+14	+1	+1	+2	+10	ŌłÆ12	ŌłÆ122	ŌłÆ16	ŌłÆ154	103	19	52	32	24	67	12	116	255
206	206	LK	827	77	1045	161	932	227	647	+4	+45	+4	+45	+7	+82	+11	+115	+20	+164	+6	+68	284	70	89	125	57	177	50	274	692
207	207	SM	826	165	1015	195	917	212	770	ŌłÆ1	ŌłÆ7	ŌłÆ1	ŌłÆ7	ŌłÆ2	ŌłÆ19	+5	+50	+2	ŌłÆ1	ŌłÆ4	ŌłÆ57	227	110	110	7	3	212	12	43	893
208	208	TW	821	15	1767	144	1169	213	759	ŌłÆ6	ŌłÆ45	ŌłÆ6	ŌłÆ45	ŌłÆ10	ŌłÆ96	ŌłÆ10	ŌłÆ83	ŌłÆ11	ŌłÆ89	+2	+37	339	96	109	134	96	191	52	465	788
209	209	KY	805	153	1140	183	1000	210	795	0	ŌłÆ1	0	ŌłÆ1	0	ŌłÆ16	0	+7	ŌłÆ5	ŌłÆ70	ŌłÆ12	ŌłÆ141	128	60	38	30	26	77	25	124	309
210	210	MV	801	162	1174	191	884	210	712	ŌłÆ5	ŌłÆ40	ŌłÆ5	ŌłÆ40	ŌłÆ7	ŌłÆ71	ŌłÆ8	ŌłÆ81	ŌłÆ16	ŌłÆ144	ŌłÆ14	ŌłÆ147	241	65	82	94	67	135	39	289	538
211	211	HG	782	208	805	211	783	213	773	ŌłÆ1	0	ŌłÆ1	0	0	0	0	0	ŌłÆ1	+9	ŌłÆ2	ŌłÆ13	4	0	0	4	1	2	1	8	10
212	212	TV	756	179	819	204	745	217	719	0	0	0	0	0	0	+2	0	+2	+19	+5	+31	34	0	4	30	9	21	4	47	182
213	213	EU	737	211	757	213	753	215	711	0	0	0	0	+1	0	0	ŌłÆ20	0	ŌłÆ20	0	ŌłÆ20	11	3	8	0	5	2	4	33	30
214	214	LA	734	144	1016	186	895	227	646	+5	+26	+5	+26	+8	+47	+11	+66	+6	+41	ŌłÆ6	ŌłÆ69	235	49	69	117	43	157	35	235	739
215	215	WS	728	183	744	211	659	226	601	0	0	0	0	+1	0	0	ŌłÆ16	+8	+51	+6	+38	77	28	15	34	23	50	4	109	279
216	216	MN	725	147	897	190	842	227	649	ŌłÆ2	ŌłÆ4	ŌłÆ2	ŌłÆ4	ŌłÆ1	ŌłÆ4	ŌłÆ6	ŌłÆ66	0	ŌłÆ5	+9	+50	102	22	39	41	21	70	11	100	288
216	216	BL	725	215	730	217	706	221	694	0	0	0	0	+1	0	0	0	+1	+12	+4	+31	10	7	3	0	4	5	1	25	29
218	218	VG	723	173	932	207	788	232	590	+3	+30	+3	+30	+11	+96	+9	+70	+13	+122	+13	+119	138	35	63	40	23	91	24	127	402
219	219	TL	714	215	742	226	630	236	531	+5	+34	+5	+34	+5	+56	+12	+103	+9	+72	ŌłÆ1	0	91	5	47	39	12	72	7	83	284
220	220	GU	705	179	894	207	693	232	531	ŌłÆ2	ŌłÆ8	ŌłÆ2	ŌłÆ8	ŌłÆ2	ŌłÆ8	+2	+24	ŌłÆ5	ŌłÆ29	ŌłÆ15	ŌłÆ166	132	25	44	63	31	88	13	169	592
221	221	WF	699	169	734	201	699	221	674	ŌłÆ1	0	ŌłÆ1	0	ŌłÆ2	0	ŌłÆ3	0	ŌłÆ3	0	ŌłÆ2	0	24	0	5	19	5	19	0	23	109
222	222	VA	692	212	705	218	697	222	686	0	0	0	0	ŌłÆ2	0	ŌłÆ3	0	ŌłÆ1	0	0	+6	5	0	0	5	0	3	2	1	6
223	223	AB	691	216	701	223	675	227	671	0	0	0	0	ŌłÆ2	0	+1	+20	+2	+20	+3	+20	8	5	3	0	2	4	2	25	26
224	224	BS	685	157	940	190	871	224	685	ŌłÆ7	ŌłÆ34	ŌłÆ7	ŌłÆ34	ŌłÆ14	ŌłÆ98	ŌłÆ16	ŌłÆ131	ŌłÆ19	ŌłÆ184	ŌłÆ23	ŌłÆ214	90	30	32	28	17	62	11	90	291
225	225	PM	677	218	698	223	678	226	677	0	0	0	0	ŌłÆ2	0	ŌłÆ2	0	ŌłÆ2	0	ŌłÆ1	0	7	0	0	7	0	7	0	2	78
226	226	TC	657	205	830	211	765	230	631	0	0	0	0	0	+9	ŌłÆ6	ŌłÆ29	ŌłÆ15	ŌłÆ114	ŌłÆ15	ŌłÆ104	56	16	22	18	13	37	6	54	197
227	227	AI	646	196	672	224	556	237	497	+1	+1	+1	+1	+4	+29	+6	+44	+9	+91	+10	+94	117	31	50	36	16	87	14	74	413
228	228	BT	631	185	694	219	599	238	526	+4	+17	+4	+17	ŌłÆ1	ŌłÆ3	+4	+21	+6	+64	+8	+76	116	20	40	56	12	96	8	67	419
229	229	TE	629	177	691	208	665	231	629	0	0	0	0	ŌłÆ1	0	ŌłÆ1	0	0	0	ŌłÆ1	ŌłÆ1	10	0	3	7	0	9	1	8	38
230	230	VI	628	210	748	219	685	233	587	+1	+10	+1	+10	+3	+41	0	+10	ŌłÆ3	ŌłÆ31	ŌłÆ14	ŌłÆ98	81	27	35	19	10	58	13	55	300
231	231	CK	622	175	738	206	681	232	622	ŌłÆ1	0	ŌłÆ1	0	ŌłÆ1	0	ŌłÆ10	ŌłÆ62	ŌłÆ9	ŌłÆ64	ŌłÆ9	ŌłÆ64	56	4	14	38	13	39	4	50	276
232	232	BN	592	168	949	201	777	232	592	ŌłÆ5	ŌłÆ63	ŌłÆ5	ŌłÆ63	ŌłÆ7	ŌłÆ65	ŌłÆ3	ŌłÆ32	ŌłÆ2	ŌłÆ32	ŌłÆ2	ŌłÆ15	152	30	42	80	27	112	13	119	488
233	233	MO	588	103	1098	175	945	233	588	0	ŌłÆ7	0	ŌłÆ7	ŌłÆ1	ŌłÆ7	ŌłÆ7	ŌłÆ78	ŌłÆ14	ŌłÆ110	ŌłÆ4	ŌłÆ35	161	51	50	60	24	120	17	141	490
234	234	CX	578	219	614	228	577	235	513	0	0	0	0	0	0	0	0	ŌłÆ1	0	ŌłÆ1	0	10	6	4	0	7	2	1	29	8
235	235	FK	571	223	593	229	585	235	571	0	0	0	0	0	0	0	0	ŌłÆ3	ŌłÆ9	ŌłÆ3	ŌłÆ9	4	0	1	3	0	4	0	0	25
236	236	FM	563	219	618	231	571	237	563	0	0	0	0	0	0	0	0	ŌłÆ1	0	ŌłÆ2	0	8	1	3	4	1	7	0	8	64
237	237	MH	559	235	571	237	559	237	559	0	0	0	0	ŌłÆ	ŌłÆ	ŌłÆ	ŌłÆ	ŌłÆ	ŌłÆ	ŌłÆ	ŌłÆ	2	0	0	2	0	2	0	2	7
238	238	KI	544	188	599	219	578	238	544	0	0	0	0	ŌłÆ1	0	ŌłÆ1	0	ŌłÆ1	0	0	0	11	0	2	9	0	10	1	7	126
239	239	TO	520	181	727	213	651	239	480	0	0	0	0	ŌłÆ1	0	0	+40	ŌłÆ1	ŌłÆ7	ŌłÆ4	ŌłÆ42	70	10	15	45	16	48	6	82	265
240	240	NU	496	194	500	225	496	240	496	0	0	0	0	ŌłÆ1	0	ŌłÆ2	0	ŌłÆ1	0	ŌłÆ1	0	2	0	0	2	0	2	0	0	33
241	241	MP	432	214	682	233	512	243	396	0	0	0	0	ŌłÆ1	0	ŌłÆ1	ŌłÆ20	+1	+22	ŌłÆ1	ŌłÆ31	36	7	11	18	5	28	3	43	153
242	242	CC	422	222	487	235	423	242	386	0	0	0	0	ŌłÆ1	0	ŌłÆ1	0	ŌłÆ1	0	0	0	10	4	6	0	2	7	1	8	29
243	243	PW	402	225	442	237	402	243	402	0	0	0	0	ŌłÆ1	0	ŌłÆ1	0	0	0	0	0	2	2	0	0	0	2	0	3	27
244	244	AS	369	190	628	226	467	244	334	0	ŌłÆ19	0	ŌłÆ19	ŌłÆ1	ŌłÆ19	ŌłÆ1	ŌłÆ7	ŌłÆ4	ŌłÆ102	ŌłÆ3	ŌłÆ93	59	0	15	44	5	52	2	36	385